{
  "ExtendedData": {
    "inputs": [
      "http://localhost:38373/WS_ContratacionProductosOnline.asmx"
    ],
    "collectionTypes": [
      "System.Array",
      "System.Collections.Generic.Dictionary`2"
    ],
    "namespaceMappings": [
      "*, WS_ContratacionProductosOnline"
    ],
    "references": [
      "AutoMapper, {AutoMapper, 10.1.1}",
      "AutoMapper.Extensions.Microsoft.DependencyInjection, {AutoMapper.Extensions.Microsoft.DependencyInjection, 8.1.1}",
      "C:\\Portables\\MicroPoliza\\bg.micros.core.polizas\\src\\bg.micros.core.polizas.infrastructure\\bin\\Debug\\net6.0\\bg.micros.core.polizas.application.dll",
      "C:\\Portables\\MicroPoliza\\bg.micros.core.polizas\\src\\bg.micros.core.polizas.infrastructure\\bin\\Debug\\net6.0\\bg.micros.core.polizas.domain.dll",
      "Elasticsearch.Net, {Elasticsearch.Net, 7.8.1}",
      "Google.Protobuf, {Google.Protobuf, 3.19.4}",
      "Grpc.Core.Api, {Grpc.Core.Api, 2.43.0}",
      "Grpc.Net.Client, {Grpc.Net.Client, 2.43.0}",
      "Grpc.Net.Common, {Grpc.Net.Common, 2.43.0}",
      "Microsoft.AspNetCore.Authentication.JwtBearer, {Microsoft.AspNetCore.Authentication.JwtBearer, 6.0.1}",
      "Microsoft.AspNetCore.Diagnostics, {Microsoft.AspNetCore.Diagnostics, 2.2.0}",
      "Microsoft.AspNetCore.Diagnostics.Abstractions, {Microsoft.AspNetCore.Diagnostics.Abstractions, 2.2.0}",
      "Microsoft.AspNetCore.Hosting.Abstractions, {Microsoft.AspNetCore.Hosting.Abstractions, 2.2.0}",
      "Microsoft.AspNetCore.Hosting.Server.Abstractions, {Microsoft.AspNetCore.Hosting.Server.Abstractions, 2.2.0}",
      "Microsoft.AspNetCore.Http, {Microsoft.AspNetCore.Http, 2.2.2}",
      "Microsoft.AspNetCore.Http.Abstractions, {Microsoft.AspNetCore.Http.Abstractions, 2.2.0}",
      "Microsoft.AspNetCore.Http.Extensions, {Microsoft.AspNetCore.Http.Extensions, 2.2.0}",
      "Microsoft.AspNetCore.Http.Features, {Microsoft.AspNetCore.Http.Features, 2.2.0}",
      "Microsoft.AspNetCore.WebUtilities, {Microsoft.AspNetCore.WebUtilities, 2.2.0}",
      "Microsoft.Data.SqlClient, {Microsoft.Data.SqlClient, 2.1.4}",
      "Microsoft.EntityFrameworkCore, {Microsoft.EntityFrameworkCore, 6.0.6}",
      "Microsoft.EntityFrameworkCore.Abstractions, {Microsoft.EntityFrameworkCore.Abstractions, 6.0.6}",
      "Microsoft.EntityFrameworkCore.Relational, {Microsoft.EntityFrameworkCore.Relational, 6.0.6}",
      "Microsoft.EntityFrameworkCore.SqlServer, {Microsoft.EntityFrameworkCore.SqlServer, 6.0.6}",
      "Microsoft.Extensions.Caching.Abstractions, {Microsoft.Extensions.Caching.Abstractions, 6.0.0}",
      "Microsoft.Extensions.Caching.Memory, {Microsoft.Extensions.Caching.Memory, 6.0.1}",
      "Microsoft.Extensions.Configuration.Abstractions, {Microsoft.Extensions.Configuration.Abstractions, 6.0.0}",
      "Microsoft.Extensions.Configuration.Binder, {Microsoft.Extensions.Configuration.Binder, 6.0.0}",
      "Microsoft.Extensions.DependencyInjection, {Microsoft.Extensions.DependencyInjection, 6.0.0}",
      "Microsoft.Extensions.DependencyInjection.Abstractions, {Microsoft.Extensions.DependencyInjection.Abstractions, 6.0.0}",
      "Microsoft.Extensions.DependencyModel, {Microsoft.Extensions.DependencyModel, 3.0.0}",
      "Microsoft.Extensions.FileProviders.Abstractions, {Microsoft.Extensions.FileProviders.Abstractions, 3.1.8}",
      "Microsoft.Extensions.FileProviders.Physical, {Microsoft.Extensions.FileProviders.Physical, 2.2.0}",
      "Microsoft.Extensions.FileSystemGlobbing, {Microsoft.Extensions.FileSystemGlobbing, 2.2.0}",
      "Microsoft.Extensions.Hosting.Abstractions, {Microsoft.Extensions.Hosting.Abstractions, 3.1.8}",
      "Microsoft.Extensions.Http, {Microsoft.Extensions.Http, 3.1.9}",
      "Microsoft.Extensions.Logging, {Microsoft.Extensions.Logging, 6.0.0}",
      "Microsoft.Extensions.Logging.Abstractions, {Microsoft.Extensions.Logging.Abstractions, 6.0.0}",
      "Microsoft.Extensions.Logging.Configuration, {Microsoft.Extensions.Logging.Configuration, 3.1.0}",
      "Microsoft.Extensions.ObjectPool, {Microsoft.Extensions.ObjectPool, 6.0.16}",
      "Microsoft.Extensions.Options, {Microsoft.Extensions.Options, 6.0.0}",
      "Microsoft.Extensions.Options.ConfigurationExtensions, {Microsoft.Extensions.Options.ConfigurationExtensions, 3.1.0}",
      "Microsoft.Extensions.Primitives, {Microsoft.Extensions.Primitives, 6.0.0}",
      "Microsoft.IdentityModel.JsonWebTokens, {Microsoft.IdentityModel.JsonWebTokens, 6.10.0}",
      "Microsoft.IdentityModel.Logging, {Microsoft.IdentityModel.Logging, 6.10.0}",
      "Microsoft.IdentityModel.Protocols, {Microsoft.IdentityModel.Protocols, 6.10.0}",
      "Microsoft.IdentityModel.Protocols.OpenIdConnect, {Microsoft.IdentityModel.Protocols.OpenIdConnect, 6.10.0}",
      "Microsoft.IdentityModel.Protocols.WsTrust, {Microsoft.IdentityModel.Protocols.WsTrust, 6.8.0}",
      "Microsoft.IdentityModel.Tokens, {Microsoft.IdentityModel.Tokens, 6.10.0}",
      "Microsoft.IdentityModel.Tokens.Saml, {Microsoft.IdentityModel.Tokens.Saml, 6.8.0}",
      "Microsoft.IdentityModel.Xml, {Microsoft.IdentityModel.Xml, 6.8.0}",
      "Microsoft.Net.Http.Headers, {Microsoft.Net.Http.Headers, 2.2.0}",
      "Microsoft.OpenApi, {Microsoft.OpenApi, 1.2.3}",
      "Newtonsoft.Json, {Newtonsoft.Json, 13.0.1}",
      "OpenTelemetry, {OpenTelemetry, 1.3.1}",
      "OpenTelemetry.Api, {OpenTelemetry.Api, 1.3.1}",
      "OpenTelemetry.Exporter.Jaeger, {OpenTelemetry.Exporter.Jaeger, 1.3.1}",
      "OpenTelemetry.Exporter.OpenTelemetryProtocol, {OpenTelemetry.Exporter.OpenTelemetryProtocol, 1.3.1}",
      "OpenTelemetry.Extensions.Hosting, {OpenTelemetry.Extensions.Hosting, 1.0.0-rc9.4}",
      "OpenTelemetry.Instrumentation.AspNetCore, {OpenTelemetry.Instrumentation.AspNetCore, 1.0.0-rc9.4}",
      "OpenTelemetry.Instrumentation.Http, {OpenTelemetry.Instrumentation.Http, 1.0.0-rc9.4}",
      "Prometheus.AspNetCore, {prometheus-net.AspNetCore, 5.0.2}",
      "Prometheus.NetCore, {prometheus-net, 5.0.2}",
      "Prometheus.NetStandard, {prometheus-net, 5.0.2}",
      "Serilog, {Serilog, 2.10.0}",
      "Serilog.AspNetCore, {Serilog.AspNetCore, 4.1.0}",
      "Serilog.Enrichers.CorrelationId, {Serilog.Enrichers.CorrelationId, 3.0.1}",
      "Serilog.Enrichers.Thread, {Serilog.Enrichers.Thread, 3.1.0}",
      "Serilog.Extensions.Hosting, {Serilog.Extensions.Hosting, 4.1.2}",
      "Serilog.Extensions.Logging, {Serilog.Extensions.Logging, 3.1.0}",
      "Serilog.Formatting.Compact, {Serilog.Formatting.Compact, 1.1.0}",
      "Serilog.Formatting.Elasticsearch, {Serilog.Formatting.Elasticsearch, 8.4.1}",
      "Serilog.Settings.Configuration, {Serilog.Settings.Configuration, 3.3.0}",
      "Serilog.Sinks.Console, {Serilog.Sinks.Console, 4.0.1}",
      "Serilog.Sinks.Debug, {Serilog.Sinks.Debug, 2.0.0}",
      "Serilog.Sinks.Elasticsearch, {Serilog.Sinks.Elasticsearch, 8.4.1}",
      "Serilog.Sinks.File, {Serilog.Sinks.File, 4.1.0}",
      "Serilog.Sinks.PeriodicBatching, {Serilog.Sinks.PeriodicBatching, 2.1.1}",
      "Swashbuckle.AspNetCore.Swagger, {Swashbuckle.AspNetCore.Swagger, 6.2.3}",
      "Swashbuckle.AspNetCore.SwaggerGen, {Swashbuckle.AspNetCore.SwaggerGen, 6.2.3}",
      "System.Collections.Concurrent, {System.Collections.Concurrent, 4.0.12}",
      "System.Collections.Immutable, {System.Collections.Immutable, 6.0.0}",
      "System.Diagnostics.DiagnosticSource, {System.Diagnostics.DiagnosticSource, 6.0.0}",
      "System.Formats.Asn1, {System.Formats.Asn1, 6.0.0}",
      "System.IdentityModel.Tokens.Jwt, {System.IdentityModel.Tokens.Jwt, 6.10.0}",
      "System.IO, {System.IO, 4.3.0}",
      "System.IO.FileSystem, {System.IO.FileSystem, 4.3.0}",
      "System.IO.FileSystem.Primitives, {System.IO.FileSystem.Primitives, 4.3.0}",
      "System.Reflection.DispatchProxy, {System.Reflection.DispatchProxy, 4.7.1}",
      "System.Reflection.Metadata, {System.Reflection.Metadata, 1.6.0}",
      "System.Runtime, {System.Runtime, 4.3.0}",
      "System.Runtime.CompilerServices.Unsafe, {System.Runtime.CompilerServices.Unsafe, 6.0.0}",
      "System.Runtime.Handles, {System.Runtime.Handles, 4.3.0}",
      "System.Security.AccessControl, {System.Security.AccessControl, 6.0.0}",
      "System.Security.Cryptography.Cng, {System.Security.Cryptography.Cng, 4.5.0}",
      "System.Security.Cryptography.Pkcs, {System.Security.Cryptography.Pkcs, 6.0.1}",
      "System.Security.Cryptography.Xml, {System.Security.Cryptography.Xml, 6.0.1}",
      "System.Security.Principal.Windows, {System.Security.Principal.Windows, 5.0.0}",
      "System.ServiceModel.Duplex, {System.ServiceModel.Duplex, 6.0.0}",
      "System.ServiceModel.Federation, {System.ServiceModel.Federation, 6.0.0}",
      "System.ServiceModel.Http, {System.ServiceModel.Http, 6.0.0}",
      "System.ServiceModel.NetFramingBase, {System.ServiceModel.NetFramingBase, 6.0.0}",
      "System.ServiceModel.NetTcp, {System.ServiceModel.NetTcp, 6.0.0}",
      "System.ServiceModel.Primitives, {System.ServiceModel.Primitives, 6.0.0}",
      "System.ServiceModel.Security, {System.ServiceModel.Security, 6.0.0}",
      "System.Text.Encoding, {System.Text.Encoding, 4.3.0}",
      "System.Text.Encoding.Extensions, {System.Text.Encoding.Extensions, 4.3.0}",
      "System.Text.Encodings.Web, {System.Text.Encodings.Web, 6.0.0}",
      "System.Text.Json, {System.Text.Json, 6.0.0}",
      "System.Threading.Tasks, {System.Threading.Tasks, 4.3.0}",
      "System.Threading.Timer, {System.Threading.Timer, 4.0.1}",
      "System.Xml.ReaderWriter, {System.Xml.ReaderWriter, 4.3.0}",
      "System.Xml.XmlDocument, {System.Xml.XmlDocument, 4.3.0}"
    ],
    "targetFramework": "net6.0",
    "typeReuseMode": "All"
  }
}